{
    "name": "Tardis",
    "description": "A TARDIS — sometimes styled Tardis, but also called a TT Capsule or just simply \"time ship\" was the primary space-time vehicle used by the Time Lords of Gallifrey allowing them to travel throughout the universe.\nBeyond their temporal capabilities, TARDISes were known for their dimensional transcendentalism (being bigger inside than out) and their possession of a form of consciousness.",
    "hidden": true,
    "condition": {
        "inverted": true,
        "type": "origins:advancement",
        "advancement": "tardis:obtain_tardis"
    },
    "type": "origins:action_on_callback",
    "entity_action_chosen": {
        "type": "origins:execute_command",
        "command": "tardis create tardis:tt_capsule tardis:abandoned_alabaster tardis:hartnell"
    },
    "execute_chosen_when_orb": true
}