{
    "name": "Regeneration",
    "description": "Regeneration was the process by which Time Lords and others renewed themselves, acausing a complete physical and often psychological change.\nIt could happen because of severe illness, old age/fatigue, or injury.\nIt could also be invoked by choice, whether voluntary or involuntary.",
    "type": "origins:action_on_callback",
    "entity_action_chosen": {
        "type": "origins:execute_command",
        "command": "regen set-regens @s 12",
        "permission_level": 4
    },
    "execute_chosen_when_orb": true
}